{"cameraMode":{"drawMode":0,"name":"Shaded","section":"Shading Mode"},"sceneLighting":false,"audioPlay":false,"sceneViewState":{"showFog":true,"showMaterialUpdate":false,"showSkybox":true,"showFlares":true,"showImageEffects":true,"showParticleSystems":true},"in2DMode":false,"pivot":{"x":0.0005664825439453125,"y":0.8154119849205017,"z":-0.11108477413654328},"rotation":{"x":-0.09416753053665161,"y":0.10226675868034363,"z":-0.009726885706186295,"w":-0.9902421236038208},"size":3.625675678253174,"orthographic":false}