{"cameraMode":{"drawMode":0,"name":"Shaded","section":"Shading Mode"},"sceneLighting":true,"audioPlay":false,"sceneViewState":{"showFog":true,"showMaterialUpdate":false,"showSkybox":true,"showFlares":true,"showImageEffects":true,"showParticleSystems":true},"in2DMode":false,"pivot":{"x":0.0,"y":1.5500000715255738,"z":0.07897520065307617},"rotation":{"x":0.02637656033039093,"y":0.03747795149683952,"z":-0.000989429303444922,"w":0.9989488124847412},"size":16.335100173950197,"orthographic":true}