{"cameraMode":{"drawMode":0,"name":"Shaded","section":"Shading Mode"},"sceneLighting":true,"audioPlay":false,"sceneViewState":{"showFog":true,"showMaterialUpdate":false,"showSkybox":true,"showFlares":true,"showImageEffects":true,"showParticleSystems":true},"in2DMode":false,"pivot":{"x":-200.73355102539063,"y":4.800000190734863,"z":86.38571166992188},"rotation":{"x":0.11776760220527649,"y":-0.8817078471183777,"z":0.30644747614860537,"w":0.33883923292160036},"size":59.0177001953125,"orthographic":true}