{"cameraMode":{"drawMode":0,"name":"Shaded","section":"Shading Mode"},"sceneLighting":true,"audioPlay":false,"sceneViewState":{"showFog":true,"showMaterialUpdate":false,"showSkybox":true,"showFlares":true,"showImageEffects":true,"showParticleSystems":true},"in2DMode":false,"pivot":{"x":-200.73355102539063,"y":5.1357221603393559,"z":91.38571166992188},"rotation":{"x":-0.10055369138717652,"y":0.4169214963912964,"z":-0.04646960273385048,"w":-0.9021674394607544},"size":14.789188385009766,"orthographic":true}