{"cameraMode":{"drawMode":0,"name":"Shaded","section":"Shading Mode"},"sceneLighting":false,"audioPlay":false,"sceneViewState":{"showFog":true,"showMaterialUpdate":false,"showSkybox":true,"showFlares":true,"showImageEffects":true,"showParticleSystems":true},"in2DMode":false,"pivot":{"x":-203.0,"y":8.640421867370606,"z":87.46781158447266},"rotation":{"x":0.07987871021032334,"y":-0.9155743718147278,"z":0.22696968913078309,"w":0.3222231864929199},"size":28.106645584106447,"orthographic":true}