{"cameraMode":{"drawMode":0,"name":"Shaded","section":"Shading Mode"},"sceneLighting":true,"audioPlay":false,"sceneViewState":{"showFog":true,"showMaterialUpdate":false,"showSkybox":true,"showFlares":true,"showImageEffects":true,"showParticleSystems":true},"in2DMode":false,"pivot":{"x":0.0,"y":1.5499999523162842,"z":0.20000001788139344},"rotation":{"x":0.02637656033039093,"y":0.03747795149683952,"z":-0.000989429303444922,"w":0.9989488124847412},"size":1.146126627922058,"orthographic":true}