{"cameraMode":{"drawMode":0,"name":"Shaded","section":"Shading Mode"},"sceneLighting":true,"audioPlay":false,"sceneViewState":{"showFog":true,"showMaterialUpdate":false,"showSkybox":true,"showFlares":true,"showImageEffects":true,"showParticleSystems":true},"in2DMode":false,"pivot":{"x":31.280000686645509,"y":4.669378280639648,"z":-0.2955293655395508},"rotation":{"x":-0.02488015778362751,"y":-0.8560882806777954,"z":0.04138931632041931,"w":-0.514568567276001},"size":159.0704803466797,"orthographic":true}